file_path,last_commit_hash,last_commit_date_iso,last_commit_subject
".github/copilot-instructions.md","a84ba94f317048507bb2e1cb192f49a7a36638b4","2026-04-23T23:01:27-04:00","Add site notifications center and update release logging rules"
".gitignore","f314a991c16d47633c95a42ac6913af59e458ea8","2026-04-22T21:43:12-04:00","Finish Infinite Craft shared dataset"
"CNAME","3f3f4bddcbff69113b047c0be7e7e8bb37be588c","2026-04-20T22:13:39-04:00","Create CNAME"
"README.md","a84ba94f317048507bb2e1cb192f49a7a36638b4","2026-04-23T23:01:27-04:00","Add site notifications center and update release logging rules"
"about.html","d4d7ba7b5e5bd77473d7c0f1f7dea3a90aafbf49","2026-04-23T20:20:33-04:00","Add site policy and contact pages"
"ads.txt","82e3c9685ff0ab68d70c29742ca85a1b797d8c12","2026-04-23T19:56:58-04:00","Add root ads.txt for AdSense"
"app.js","a84ba94f317048507bb2e1cb192f49a7a36638b4","2026-04-23T23:01:27-04:00","Add site notifications center and update release logging rules"
"contact.html","d4d7ba7b5e5bd77473d7c0f1f7dea3a90aafbf49","2026-04-23T20:20:33-04:00","Add site policy and contact pages"
"data/games-manifest.json","caeabc35874fce43cacba1444985eaf803aec78c","2026-04-20T21:52:19-04:00","Upload Playr project without oversized dataset files"
"data/infinite-craft-recipes/chunk-1.json","f314a991c16d47633c95a42ac6913af59e458ea8","2026-04-22T21:43:12-04:00","Finish Infinite Craft shared dataset"
"data/infinite-craft-recipes/chunk-2.json","f314a991c16d47633c95a42ac6913af59e458ea8","2026-04-22T21:43:12-04:00","Finish Infinite Craft shared dataset"
"data/infinite-craft-recipes/chunk-3.json","f314a991c16d47633c95a42ac6913af59e458ea8","2026-04-22T21:43:12-04:00","Finish Infinite Craft shared dataset"
"data/infinite-craft-recipes/chunk-4.json","f314a991c16d47633c95a42ac6913af59e458ea8","2026-04-22T21:43:12-04:00","Finish Infinite Craft shared dataset"
"data/infinite-craft-recipes/chunk-5.json","f314a991c16d47633c95a42ac6913af59e458ea8","2026-04-22T21:43:12-04:00","Finish Infinite Craft shared dataset"
"data/infinite-craft-recipes/manifest.json","f314a991c16d47633c95a42ac6913af59e458ea8","2026-04-22T21:43:12-04:00","Finish Infinite Craft shared dataset"
"docs/global-leaderboard-plan.md","caeabc35874fce43cacba1444985eaf803aec78c","2026-04-20T21:52:19-04:00","Upload Playr project without oversized dataset files"
"firebase.json","caeabc35874fce43cacba1444985eaf803aec78c","2026-04-20T21:52:19-04:00","Upload Playr project without oversized dataset files"
"firestore.rules","caeabc35874fce43cacba1444985eaf803aec78c","2026-04-20T21:52:19-04:00","Upload Playr project without oversized dataset files"
"games/index.html","d4d7ba7b5e5bd77473d7c0f1f7dea3a90aafbf49","2026-04-23T20:20:33-04:00","Add site policy and contact pages"
"games/shared/admin-shell.js","4a25cd7acf78612668454effb998cc7a71120d66","2026-04-21T14:02:09-04:00","Update admin UI flows and add deployment workflow docs"
"games/shared/game-shell.css","4a25cd7acf78612668454effb998cc7a71120d66","2026-04-21T14:02:09-04:00","Update admin UI flows and add deployment workflow docs"
"games/shared/game-shell.js","caeabc35874fce43cacba1444985eaf803aec78c","2026-04-20T21:52:19-04:00","Upload Playr project without oversized dataset files"
"games/single-player/2048/game.css","7a1e2028798af6c5edcf562af52b1c321ba42cad","2026-04-23T22:43:09-04:00","Add owner 2048 admin tools and fix double-move bug"
"games/single-player/2048/game.js","7a1e2028798af6c5edcf562af52b1c321ba42cad","2026-04-23T22:43:09-04:00","Add owner 2048 admin tools and fix double-move bug"
"games/single-player/2048/index.html","7a1e2028798af6c5edcf562af52b1c321ba42cad","2026-04-23T22:43:09-04:00","Add owner 2048 admin tools and fix double-move bug"
"games/single-player/absurd-trolley-problem/game.css","caeabc35874fce43cacba1444985eaf803aec78c","2026-04-20T21:52:19-04:00","Upload Playr project without oversized dataset files"
"games/single-player/absurd-trolley-problem/game.js","caeabc35874fce43cacba1444985eaf803aec78c","2026-04-20T21:52:19-04:00","Upload Playr project without oversized dataset files"
"games/single-player/absurd-trolley-problem/index.html","d4d7ba7b5e5bd77473d7c0f1f7dea3a90aafbf49","2026-04-23T20:20:33-04:00","Add site policy and contact pages"
"games/single-player/aim-training-arena/game.css","caeabc35874fce43cacba1444985eaf803aec78c","2026-04-20T21:52:19-04:00","Upload Playr project without oversized dataset files"
"games/single-player/aim-training-arena/game.js","caeabc35874fce43cacba1444985eaf803aec78c","2026-04-20T21:52:19-04:00","Upload Playr project without oversized dataset files"
"games/single-player/aim-training-arena/index.html","d4d7ba7b5e5bd77473d7c0f1f7dea3a90aafbf49","2026-04-23T20:20:33-04:00","Add site policy and contact pages"
"games/single-player/asteroids/game.css","caeabc35874fce43cacba1444985eaf803aec78c","2026-04-20T21:52:19-04:00","Upload Playr project without oversized dataset files"
"games/single-player/asteroids/game.js","caeabc35874fce43cacba1444985eaf803aec78c","2026-04-20T21:52:19-04:00","Upload Playr project without oversized dataset files"
"games/single-player/asteroids/index.html","d4d7ba7b5e5bd77473d7c0f1f7dea3a90aafbf49","2026-04-23T20:20:33-04:00","Add site policy and contact pages"
"games/single-player/breakout/game.css","caeabc35874fce43cacba1444985eaf803aec78c","2026-04-20T21:52:19-04:00","Upload Playr project without oversized dataset files"
"games/single-player/breakout/game.js","caeabc35874fce43cacba1444985eaf803aec78c","2026-04-20T21:52:19-04:00","Upload Playr project without oversized dataset files"
"games/single-player/breakout/index.html","d4d7ba7b5e5bd77473d7c0f1f7dea3a90aafbf49","2026-04-23T20:20:33-04:00","Add site policy and contact pages"
"games/single-player/burrito-bison-clone/game.css","caeabc35874fce43cacba1444985eaf803aec78c","2026-04-20T21:52:19-04:00","Upload Playr project without oversized dataset files"
"games/single-player/burrito-bison-clone/game.js","caeabc35874fce43cacba1444985eaf803aec78c","2026-04-20T21:52:19-04:00","Upload Playr project without oversized dataset files"
"games/single-player/burrito-bison-clone/index.html","d4d7ba7b5e5bd77473d7c0f1f7dea3a90aafbf49","2026-04-23T20:20:33-04:00","Add site policy and contact pages"
"games/single-player/click-speed-test/game.css","caeabc35874fce43cacba1444985eaf803aec78c","2026-04-20T21:52:19-04:00","Upload Playr project without oversized dataset files"
"games/single-player/click-speed-test/game.js","caeabc35874fce43cacba1444985eaf803aec78c","2026-04-20T21:52:19-04:00","Upload Playr project without oversized dataset files"
"games/single-player/click-speed-test/index.html","d4d7ba7b5e5bd77473d7c0f1f7dea3a90aafbf49","2026-04-23T20:20:33-04:00","Add site policy and contact pages"
"games/single-player/cookie-clicker/game.css","9958b764d21fbffcd156d44ff80c37dccfb6fb06","2026-04-21T16:55:43-04:00","Fix UI/admin issues in 2048, cookie clicker, pac-man, and wordle"
"games/single-player/cookie-clicker/game.js","ad1c34c8bfa300f92340457f91f9008a5ec87ccc","2026-04-21T17:00:27-04:00","Restrict cookie clicker admin toggle to owner@playr.io"
"games/single-player/cookie-clicker/index.html","d4d7ba7b5e5bd77473d7c0f1f7dea3a90aafbf49","2026-04-23T20:20:33-04:00","Add site policy and contact pages"
"games/single-player/dino-run-clone/game.css","caeabc35874fce43cacba1444985eaf803aec78c","2026-04-20T21:52:19-04:00","Upload Playr project without oversized dataset files"
"games/single-player/dino-run-clone/game.js","caeabc35874fce43cacba1444985eaf803aec78c","2026-04-20T21:52:19-04:00","Upload Playr project without oversized dataset files"
"games/single-player/dino-run-clone/index.html","d4d7ba7b5e5bd77473d7c0f1f7dea3a90aafbf49","2026-04-23T20:20:33-04:00","Add site policy and contact pages"
"games/single-player/doodle-jump-clone/game.css","caeabc35874fce43cacba1444985eaf803aec78c","2026-04-20T21:52:19-04:00","Upload Playr project without oversized dataset files"
"games/single-player/doodle-jump-clone/game.js","caeabc35874fce43cacba1444985eaf803aec78c","2026-04-20T21:52:19-04:00","Upload Playr project without oversized dataset files"
"games/single-player/doodle-jump-clone/index.html","d4d7ba7b5e5bd77473d7c0f1f7dea3a90aafbf49","2026-04-23T20:20:33-04:00","Add site policy and contact pages"
"games/single-player/draw-a-perfect-circle/game.css","caeabc35874fce43cacba1444985eaf803aec78c","2026-04-20T21:52:19-04:00","Upload Playr project without oversized dataset files"
"games/single-player/draw-a-perfect-circle/game.js","caeabc35874fce43cacba1444985eaf803aec78c","2026-04-20T21:52:19-04:00","Upload Playr project without oversized dataset files"
"games/single-player/draw-a-perfect-circle/index.html","d4d7ba7b5e5bd77473d7c0f1f7dea3a90aafbf49","2026-04-23T20:20:33-04:00","Add site policy and contact pages"
"games/single-player/flappy-bird-clone/game.css","4fa7e9b6289174c37648f68e6e0acec1d2064ed5","2026-04-23T16:34:03-04:00","Fix arcade UI issues and wire Pac-Man maze update"
"games/single-player/flappy-bird-clone/game.js","4fa7e9b6289174c37648f68e6e0acec1d2064ed5","2026-04-23T16:34:03-04:00","Fix arcade UI issues and wire Pac-Man maze update"
"games/single-player/flappy-bird-clone/index.html","d4d7ba7b5e5bd77473d7c0f1f7dea3a90aafbf49","2026-04-23T20:20:33-04:00","Add site policy and contact pages"
"games/single-player/frogger/game.css","4fa7e9b6289174c37648f68e6e0acec1d2064ed5","2026-04-23T16:34:03-04:00","Fix arcade UI issues and wire Pac-Man maze update"
"games/single-player/frogger/game.js","4fa7e9b6289174c37648f68e6e0acec1d2064ed5","2026-04-23T16:34:03-04:00","Fix arcade UI issues and wire Pac-Man maze update"
"games/single-player/frogger/index.html","d4d7ba7b5e5bd77473d7c0f1f7dea3a90aafbf49","2026-04-23T20:20:33-04:00","Add site policy and contact pages"
"games/single-player/geometry-dash-clone/game.css","caeabc35874fce43cacba1444985eaf803aec78c","2026-04-20T21:52:19-04:00","Upload Playr project without oversized dataset files"
"games/single-player/geometry-dash-clone/game.js","caeabc35874fce43cacba1444985eaf803aec78c","2026-04-20T21:52:19-04:00","Upload Playr project without oversized dataset files"
"games/single-player/geometry-dash-clone/index.html","d4d7ba7b5e5bd77473d7c0f1f7dea3a90aafbf49","2026-04-23T20:20:33-04:00","Add site policy and contact pages"
"games/single-player/hextris/game.css","caeabc35874fce43cacba1444985eaf803aec78c","2026-04-20T21:52:19-04:00","Upload Playr project without oversized dataset files"
"games/single-player/hextris/game.js","caeabc35874fce43cacba1444985eaf803aec78c","2026-04-20T21:52:19-04:00","Upload Playr project without oversized dataset files"
"games/single-player/hextris/index.html","d4d7ba7b5e5bd77473d7c0f1f7dea3a90aafbf49","2026-04-23T20:20:33-04:00","Add site policy and contact pages"
"games/single-player/infinite-craft-clone/data/icgg-import-progress.json","caeabc35874fce43cacba1444985eaf803aec78c","2026-04-20T21:52:19-04:00","Upload Playr project without oversized dataset files"
"games/single-player/infinite-craft-clone/data/wiki-recipes-lite.json","caeabc35874fce43cacba1444985eaf803aec78c","2026-04-20T21:52:19-04:00","Upload Playr project without oversized dataset files"
"games/single-player/infinite-craft-clone/game.css","a7aff5f900045230744f8e6638c98dafae90ba81","2026-04-21T21:30:50-04:00","Improve Infinite Craft recipe accuracy, dedupe inventory, and bubble sidebar UI"
"games/single-player/infinite-craft-clone/game.js","4fa7e9b6289174c37648f68e6e0acec1d2064ed5","2026-04-23T16:34:03-04:00","Fix arcade UI issues and wire Pac-Man maze update"
"games/single-player/infinite-craft-clone/index.html","d4d7ba7b5e5bd77473d7c0f1f7dea3a90aafbf49","2026-04-23T20:20:33-04:00","Add site policy and contact pages"
"games/single-player/little-alchemy-clone/game.css","caeabc35874fce43cacba1444985eaf803aec78c","2026-04-20T21:52:19-04:00","Upload Playr project without oversized dataset files"
"games/single-player/little-alchemy-clone/game.js","caeabc35874fce43cacba1444985eaf803aec78c","2026-04-20T21:52:19-04:00","Upload Playr project without oversized dataset files"
"games/single-player/little-alchemy-clone/index.html","d4d7ba7b5e5bd77473d7c0f1f7dea3a90aafbf49","2026-04-23T20:20:33-04:00","Add site policy and contact pages"
"games/single-player/memory-match/game.css","caeabc35874fce43cacba1444985eaf803aec78c","2026-04-20T21:52:19-04:00","Upload Playr project without oversized dataset files"
"games/single-player/memory-match/game.js","caeabc35874fce43cacba1444985eaf803aec78c","2026-04-20T21:52:19-04:00","Upload Playr project without oversized dataset files"
"games/single-player/memory-match/index.html","d4d7ba7b5e5bd77473d7c0f1f7dea3a90aafbf49","2026-04-23T20:20:33-04:00","Add site policy and contact pages"
"games/single-player/minesweeper/game.css","caeabc35874fce43cacba1444985eaf803aec78c","2026-04-20T21:52:19-04:00","Upload Playr project without oversized dataset files"
"games/single-player/minesweeper/game.js","b923680e0d3f41fd4a0835d1514609940fd9788f","2026-04-21T17:20:07-04:00","Enforce local updates logs and include latest minesweeper changes"
"games/single-player/minesweeper/index.html","d4d7ba7b5e5bd77473d7c0f1f7dea3a90aafbf49","2026-04-23T20:20:33-04:00","Add site policy and contact pages"
"games/single-player/pac-man/game.css","caeabc35874fce43cacba1444985eaf803aec78c","2026-04-20T21:52:19-04:00","Upload Playr project without oversized dataset files"
"games/single-player/pac-man/game.js","55897bc63ba001849fcbcc2571eb971ae2f4dc46","2026-04-23T18:41:37-04:00","Polish Pac-Man ghost behavior and pacing"
"games/single-player/pac-man/index.html","d4d7ba7b5e5bd77473d7c0f1f7dea3a90aafbf49","2026-04-23T20:20:33-04:00","Add site policy and contact pages"
"games/single-player/simon-says/game.css","caeabc35874fce43cacba1444985eaf803aec78c","2026-04-20T21:52:19-04:00","Upload Playr project without oversized dataset files"
"games/single-player/simon-says/game.js","caeabc35874fce43cacba1444985eaf803aec78c","2026-04-20T21:52:19-04:00","Upload Playr project without oversized dataset files"
"games/single-player/simon-says/index.html","d4d7ba7b5e5bd77473d7c0f1f7dea3a90aafbf49","2026-04-23T20:20:33-04:00","Add site policy and contact pages"
"games/single-player/slide-puzzle/game.css","caeabc35874fce43cacba1444985eaf803aec78c","2026-04-20T21:52:19-04:00","Upload Playr project without oversized dataset files"
"games/single-player/slide-puzzle/game.js","caeabc35874fce43cacba1444985eaf803aec78c","2026-04-20T21:52:19-04:00","Upload Playr project without oversized dataset files"
"games/single-player/slide-puzzle/index.html","d4d7ba7b5e5bd77473d7c0f1f7dea3a90aafbf49","2026-04-23T20:20:33-04:00","Add site policy and contact pages"
"games/single-player/snake/game.css","caeabc35874fce43cacba1444985eaf803aec78c","2026-04-20T21:52:19-04:00","Upload Playr project without oversized dataset files"
"games/single-player/snake/game.js","caeabc35874fce43cacba1444985eaf803aec78c","2026-04-20T21:52:19-04:00","Upload Playr project without oversized dataset files"
"games/single-player/snake/game_new.js","caeabc35874fce43cacba1444985eaf803aec78c","2026-04-20T21:52:19-04:00","Upload Playr project without oversized dataset files"
"games/single-player/snake/index.html","d4d7ba7b5e5bd77473d7c0f1f7dea3a90aafbf49","2026-04-23T20:20:33-04:00","Add site policy and contact pages"
"games/single-player/solitaire/game.css","caeabc35874fce43cacba1444985eaf803aec78c","2026-04-20T21:52:19-04:00","Upload Playr project without oversized dataset files"
"games/single-player/solitaire/game.js","caeabc35874fce43cacba1444985eaf803aec78c","2026-04-20T21:52:19-04:00","Upload Playr project without oversized dataset files"
"games/single-player/solitaire/index.html","d4d7ba7b5e5bd77473d7c0f1f7dea3a90aafbf49","2026-04-23T20:20:33-04:00","Add site policy and contact pages"
"games/single-player/space-invaders/game.css","caeabc35874fce43cacba1444985eaf803aec78c","2026-04-20T21:52:19-04:00","Upload Playr project without oversized dataset files"
"games/single-player/space-invaders/game.js","caeabc35874fce43cacba1444985eaf803aec78c","2026-04-20T21:52:19-04:00","Upload Playr project without oversized dataset files"
"games/single-player/space-invaders/index.html","d4d7ba7b5e5bd77473d7c0f1f7dea3a90aafbf49","2026-04-23T20:20:33-04:00","Add site policy and contact pages"
"games/single-player/spend-bill-gates-money/index.html","d4d7ba7b5e5bd77473d7c0f1f7dea3a90aafbf49","2026-04-23T20:20:33-04:00","Add site policy and contact pages"
"games/single-player/spend-bill-gates-money/spend-bill-gates.css","caeabc35874fce43cacba1444985eaf803aec78c","2026-04-20T21:52:19-04:00","Upload Playr project without oversized dataset files"
"games/single-player/spend-bill-gates-money/spend-bill-gates.js","caeabc35874fce43cacba1444985eaf803aec78c","2026-04-20T21:52:19-04:00","Upload Playr project without oversized dataset files"
"games/single-player/sudoku/game.css","4fa7e9b6289174c37648f68e6e0acec1d2064ed5","2026-04-23T16:34:03-04:00","Fix arcade UI issues and wire Pac-Man maze update"
"games/single-player/sudoku/game.js","4fa7e9b6289174c37648f68e6e0acec1d2064ed5","2026-04-23T16:34:03-04:00","Fix arcade UI issues and wire Pac-Man maze update"
"games/single-player/sudoku/index.html","d4d7ba7b5e5bd77473d7c0f1f7dea3a90aafbf49","2026-04-23T20:20:33-04:00","Add site policy and contact pages"
"games/single-player/tetris/game.css","caeabc35874fce43cacba1444985eaf803aec78c","2026-04-20T21:52:19-04:00","Upload Playr project without oversized dataset files"
"games/single-player/tetris/game.js","caeabc35874fce43cacba1444985eaf803aec78c","2026-04-20T21:52:19-04:00","Upload Playr project without oversized dataset files"
"games/single-player/tetris/index.html","d4d7ba7b5e5bd77473d7c0f1f7dea3a90aafbf49","2026-04-23T20:20:33-04:00","Add site policy and contact pages"
"games/single-player/the-deep-sea/game.css","caeabc35874fce43cacba1444985eaf803aec78c","2026-04-20T21:52:19-04:00","Upload Playr project without oversized dataset files"
"games/single-player/the-deep-sea/game.js","caeabc35874fce43cacba1444985eaf803aec78c","2026-04-20T21:52:19-04:00","Upload Playr project without oversized dataset files"
"games/single-player/the-deep-sea/index.html","d4d7ba7b5e5bd77473d7c0f1f7dea3a90aafbf49","2026-04-23T20:20:33-04:00","Add site policy and contact pages"
"games/single-player/the-password-game/game.css","caeabc35874fce43cacba1444985eaf803aec78c","2026-04-20T21:52:19-04:00","Upload Playr project without oversized dataset files"
"games/single-player/the-password-game/game.js","caeabc35874fce43cacba1444985eaf803aec78c","2026-04-20T21:52:19-04:00","Upload Playr project without oversized dataset files"
"games/single-player/the-password-game/index.html","d4d7ba7b5e5bd77473d7c0f1f7dea3a90aafbf49","2026-04-23T20:20:33-04:00","Add site policy and contact pages"
"games/single-player/tower-builder/game.css","caeabc35874fce43cacba1444985eaf803aec78c","2026-04-20T21:52:19-04:00","Upload Playr project without oversized dataset files"
"games/single-player/tower-builder/game.js","caeabc35874fce43cacba1444985eaf803aec78c","2026-04-20T21:52:19-04:00","Upload Playr project without oversized dataset files"
"games/single-player/tower-builder/index.html","d4d7ba7b5e5bd77473d7c0f1f7dea3a90aafbf49","2026-04-23T20:20:33-04:00","Add site policy and contact pages"
"games/single-player/typing-test/game.css","caeabc35874fce43cacba1444985eaf803aec78c","2026-04-20T21:52:19-04:00","Upload Playr project without oversized dataset files"
"games/single-player/typing-test/game.js","caeabc35874fce43cacba1444985eaf803aec78c","2026-04-20T21:52:19-04:00","Upload Playr project without oversized dataset files"
"games/single-player/typing-test/index.html","d4d7ba7b5e5bd77473d7c0f1f7dea3a90aafbf49","2026-04-23T20:20:33-04:00","Add site policy and contact pages"
"games/single-player/wordle-inf/game.css","caeabc35874fce43cacba1444985eaf803aec78c","2026-04-20T21:52:19-04:00","Upload Playr project without oversized dataset files"
"games/single-player/wordle-inf/game.js","9958b764d21fbffcd156d44ff80c37dccfb6fb06","2026-04-21T16:55:43-04:00","Fix UI/admin issues in 2048, cookie clicker, pac-man, and wordle"
"games/single-player/wordle-inf/index.html","d4d7ba7b5e5bd77473d7c0f1f7dea3a90aafbf49","2026-04-23T20:20:33-04:00","Add site policy and contact pages"
"games/single-player/wordle-inf/valid-wordle-words.txt","caeabc35874fce43cacba1444985eaf803aec78c","2026-04-20T21:52:19-04:00","Upload Playr project without oversized dataset files"
"games/two-player/8-ball-pool/game.css","caeabc35874fce43cacba1444985eaf803aec78c","2026-04-20T21:52:19-04:00","Upload Playr project without oversized dataset files"
"games/two-player/8-ball-pool/game.js","caeabc35874fce43cacba1444985eaf803aec78c","2026-04-20T21:52:19-04:00","Upload Playr project without oversized dataset files"
"games/two-player/8-ball-pool/index.html","d4d7ba7b5e5bd77473d7c0f1f7dea3a90aafbf49","2026-04-23T20:20:33-04:00","Add site policy and contact pages"
"games/two-player/air-hockey/game.css","caeabc35874fce43cacba1444985eaf803aec78c","2026-04-20T21:52:19-04:00","Upload Playr project without oversized dataset files"
"games/two-player/air-hockey/game.js","caeabc35874fce43cacba1444985eaf803aec78c","2026-04-20T21:52:19-04:00","Upload Playr project without oversized dataset files"
"games/two-player/air-hockey/index.html","d4d7ba7b5e5bd77473d7c0f1f7dea3a90aafbf49","2026-04-23T20:20:33-04:00","Add site policy and contact pages"
"games/two-player/among-us-clone/game.css","caeabc35874fce43cacba1444985eaf803aec78c","2026-04-20T21:52:19-04:00","Upload Playr project without oversized dataset files"
"games/two-player/among-us-clone/game.js","caeabc35874fce43cacba1444985eaf803aec78c","2026-04-20T21:52:19-04:00","Upload Playr project without oversized dataset files"
"games/two-player/among-us-clone/index.html","d4d7ba7b5e5bd77473d7c0f1f7dea3a90aafbf49","2026-04-23T20:20:33-04:00","Add site policy and contact pages"
"games/two-player/battleship/game.css","caeabc35874fce43cacba1444985eaf803aec78c","2026-04-20T21:52:19-04:00","Upload Playr project without oversized dataset files"
"games/two-player/battleship/game.js","caeabc35874fce43cacba1444985eaf803aec78c","2026-04-20T21:52:19-04:00","Upload Playr project without oversized dataset files"
"games/two-player/battleship/index.html","d4d7ba7b5e5bd77473d7c0f1f7dea3a90aafbf49","2026-04-23T20:20:33-04:00","Add site policy and contact pages"
"games/two-player/checkers/game.css","caeabc35874fce43cacba1444985eaf803aec78c","2026-04-20T21:52:19-04:00","Upload Playr project without oversized dataset files"
"games/two-player/checkers/game.js","caeabc35874fce43cacba1444985eaf803aec78c","2026-04-20T21:52:19-04:00","Upload Playr project without oversized dataset files"
"games/two-player/checkers/index.html","d4d7ba7b5e5bd77473d7c0f1f7dea3a90aafbf49","2026-04-23T20:20:33-04:00","Add site policy and contact pages"
"games/two-player/chess/game.css","caeabc35874fce43cacba1444985eaf803aec78c","2026-04-20T21:52:19-04:00","Upload Playr project without oversized dataset files"
"games/two-player/chess/game.js","caeabc35874fce43cacba1444985eaf803aec78c","2026-04-20T21:52:19-04:00","Upload Playr project without oversized dataset files"
"games/two-player/chess/index.html","d4d7ba7b5e5bd77473d7c0f1f7dea3a90aafbf49","2026-04-23T20:20:33-04:00","Add site policy and contact pages"
"games/two-player/connect-4/game.css","caeabc35874fce43cacba1444985eaf803aec78c","2026-04-20T21:52:19-04:00","Upload Playr project without oversized dataset files"
"games/two-player/connect-4/game.js","caeabc35874fce43cacba1444985eaf803aec78c","2026-04-20T21:52:19-04:00","Upload Playr project without oversized dataset files"
"games/two-player/connect-4/index.html","d4d7ba7b5e5bd77473d7c0f1f7dea3a90aafbf49","2026-04-23T20:20:33-04:00","Add site policy and contact pages"
"games/two-player/dots-and-boxes/game.css","caeabc35874fce43cacba1444985eaf803aec78c","2026-04-20T21:52:19-04:00","Upload Playr project without oversized dataset files"
"games/two-player/dots-and-boxes/game.js","caeabc35874fce43cacba1444985eaf803aec78c","2026-04-20T21:52:19-04:00","Upload Playr project without oversized dataset files"
"games/two-player/dots-and-boxes/index.html","d4d7ba7b5e5bd77473d7c0f1f7dea3a90aafbf49","2026-04-23T20:20:33-04:00","Add site policy and contact pages"
"games/two-player/fireboy-watergirl-clone/game.css","caeabc35874fce43cacba1444985eaf803aec78c","2026-04-20T21:52:19-04:00","Upload Playr project without oversized dataset files"
"games/two-player/fireboy-watergirl-clone/game.js","caeabc35874fce43cacba1444985eaf803aec78c","2026-04-20T21:52:19-04:00","Upload Playr project without oversized dataset files"
"games/two-player/fireboy-watergirl-clone/index.html","d4d7ba7b5e5bd77473d7c0f1f7dea3a90aafbf49","2026-04-23T20:20:33-04:00","Add site policy and contact pages"
"games/two-player/hangman-2p/game.css","caeabc35874fce43cacba1444985eaf803aec78c","2026-04-20T21:52:19-04:00","Upload Playr project without oversized dataset files"
"games/two-player/hangman-2p/game.js","caeabc35874fce43cacba1444985eaf803aec78c","2026-04-20T21:52:19-04:00","Upload Playr project without oversized dataset files"
"games/two-player/hangman-2p/index.html","d4d7ba7b5e5bd77473d7c0f1f7dea3a90aafbf49","2026-04-23T20:20:33-04:00","Add site policy and contact pages"
"games/two-player/infinite-craft-multiplayer/data/icgg-import-progress.json","caeabc35874fce43cacba1444985eaf803aec78c","2026-04-20T21:52:19-04:00","Upload Playr project without oversized dataset files"
"games/two-player/infinite-craft-multiplayer/data/wiki-recipes-lite.json","caeabc35874fce43cacba1444985eaf803aec78c","2026-04-20T21:52:19-04:00","Upload Playr project without oversized dataset files"
"games/two-player/infinite-craft-multiplayer/game.css","a7aff5f900045230744f8e6638c98dafae90ba81","2026-04-21T21:30:50-04:00","Improve Infinite Craft recipe accuracy, dedupe inventory, and bubble sidebar UI"
"games/two-player/infinite-craft-multiplayer/game.js","4fa7e9b6289174c37648f68e6e0acec1d2064ed5","2026-04-23T16:34:03-04:00","Fix arcade UI issues and wire Pac-Man maze update"
"games/two-player/infinite-craft-multiplayer/index.html","d4d7ba7b5e5bd77473d7c0f1f7dea3a90aafbf49","2026-04-23T20:20:33-04:00","Add site policy and contact pages"
"games/two-player/ludo/game.css","caeabc35874fce43cacba1444985eaf803aec78c","2026-04-20T21:52:19-04:00","Upload Playr project without oversized dataset files"
"games/two-player/ludo/game.js","caeabc35874fce43cacba1444985eaf803aec78c","2026-04-20T21:52:19-04:00","Upload Playr project without oversized dataset files"
"games/two-player/ludo/index.html","d4d7ba7b5e5bd77473d7c0f1f7dea3a90aafbf49","2026-04-23T20:20:33-04:00","Add site policy and contact pages"
"games/two-player/mancala/game.css","caeabc35874fce43cacba1444985eaf803aec78c","2026-04-20T21:52:19-04:00","Upload Playr project without oversized dataset files"
"games/two-player/mancala/game.js","caeabc35874fce43cacba1444985eaf803aec78c","2026-04-20T21:52:19-04:00","Upload Playr project without oversized dataset files"
"games/two-player/mancala/index.html","d4d7ba7b5e5bd77473d7c0f1f7dea3a90aafbf49","2026-04-23T20:20:33-04:00","Add site policy and contact pages"
"games/two-player/penalty-shootout/game.css","caeabc35874fce43cacba1444985eaf803aec78c","2026-04-20T21:52:19-04:00","Upload Playr project without oversized dataset files"
"games/two-player/penalty-shootout/game.js","caeabc35874fce43cacba1444985eaf803aec78c","2026-04-20T21:52:19-04:00","Upload Playr project without oversized dataset files"
"games/two-player/penalty-shootout/index.html","d4d7ba7b5e5bd77473d7c0f1f7dea3a90aafbf49","2026-04-23T20:20:33-04:00","Add site policy and contact pages"
"games/two-player/pong/game.css","caeabc35874fce43cacba1444985eaf803aec78c","2026-04-20T21:52:19-04:00","Upload Playr project without oversized dataset files"
"games/two-player/pong/game.js","caeabc35874fce43cacba1444985eaf803aec78c","2026-04-20T21:52:19-04:00","Upload Playr project without oversized dataset files"
"games/two-player/pong/index.html","d4d7ba7b5e5bd77473d7c0f1f7dea3a90aafbf49","2026-04-23T20:20:33-04:00","Add site policy and contact pages"
"games/two-player/rock-paper-scissors/game.css","caeabc35874fce43cacba1444985eaf803aec78c","2026-04-20T21:52:19-04:00","Upload Playr project without oversized dataset files"
"games/two-player/rock-paper-scissors/game.js","caeabc35874fce43cacba1444985eaf803aec78c","2026-04-20T21:52:19-04:00","Upload Playr project without oversized dataset files"
"games/two-player/rock-paper-scissors/index.html","d4d7ba7b5e5bd77473d7c0f1f7dea3a90aafbf49","2026-04-23T20:20:33-04:00","Add site policy and contact pages"
"games/two-player/slither-io-clone/game.css","caeabc35874fce43cacba1444985eaf803aec78c","2026-04-20T21:52:19-04:00","Upload Playr project without oversized dataset files"
"games/two-player/slither-io-clone/game.js","caeabc35874fce43cacba1444985eaf803aec78c","2026-04-20T21:52:19-04:00","Upload Playr project without oversized dataset files"
"games/two-player/slither-io-clone/index.html","d4d7ba7b5e5bd77473d7c0f1f7dea3a90aafbf49","2026-04-23T20:20:33-04:00","Add site policy and contact pages"
"games/two-player/snakes-and-ladders/game.css","caeabc35874fce43cacba1444985eaf803aec78c","2026-04-20T21:52:19-04:00","Upload Playr project without oversized dataset files"
"games/two-player/snakes-and-ladders/game.js","caeabc35874fce43cacba1444985eaf803aec78c","2026-04-20T21:52:19-04:00","Upload Playr project without oversized dataset files"
"games/two-player/snakes-and-ladders/index.html","d4d7ba7b5e5bd77473d7c0f1f7dea3a90aafbf49","2026-04-23T20:20:33-04:00","Add site policy and contact pages"
"games/two-player/tank-trouble-clone/game.css","caeabc35874fce43cacba1444985eaf803aec78c","2026-04-20T21:52:19-04:00","Upload Playr project without oversized dataset files"
"games/two-player/tank-trouble-clone/game.js","caeabc35874fce43cacba1444985eaf803aec78c","2026-04-20T21:52:19-04:00","Upload Playr project without oversized dataset files"
"games/two-player/tank-trouble-clone/index.html","d4d7ba7b5e5bd77473d7c0f1f7dea3a90aafbf49","2026-04-23T20:20:33-04:00","Add site policy and contact pages"
"games/two-player/tic-tac-toe/game.css","caeabc35874fce43cacba1444985eaf803aec78c","2026-04-20T21:52:19-04:00","Upload Playr project without oversized dataset files"
"games/two-player/tic-tac-toe/game.js","caeabc35874fce43cacba1444985eaf803aec78c","2026-04-20T21:52:19-04:00","Upload Playr project without oversized dataset files"
"games/two-player/tic-tac-toe/index.html","d4d7ba7b5e5bd77473d7c0f1f7dea3a90aafbf49","2026-04-23T20:20:33-04:00","Add site policy and contact pages"
"games/two-player/trivia-quiz/game.css","caeabc35874fce43cacba1444985eaf803aec78c","2026-04-20T21:52:19-04:00","Upload Playr project without oversized dataset files"
"games/two-player/trivia-quiz/game.js","caeabc35874fce43cacba1444985eaf803aec78c","2026-04-20T21:52:19-04:00","Upload Playr project without oversized dataset files"
"games/two-player/trivia-quiz/index.html","d4d7ba7b5e5bd77473d7c0f1f7dea3a90aafbf49","2026-04-23T20:20:33-04:00","Add site policy and contact pages"
"games/two-player/tug-of-war/game.css","caeabc35874fce43cacba1444985eaf803aec78c","2026-04-20T21:52:19-04:00","Upload Playr project without oversized dataset files"
"games/two-player/tug-of-war/game.js","caeabc35874fce43cacba1444985eaf803aec78c","2026-04-20T21:52:19-04:00","Upload Playr project without oversized dataset files"
"games/two-player/tug-of-war/index.html","d4d7ba7b5e5bd77473d7c0f1f7dea3a90aafbf49","2026-04-23T20:20:33-04:00","Add site policy and contact pages"
"games/two-player/uno-clone/game.css","caeabc35874fce43cacba1444985eaf803aec78c","2026-04-20T21:52:19-04:00","Upload Playr project without oversized dataset files"
"games/two-player/uno-clone/game.js","caeabc35874fce43cacba1444985eaf803aec78c","2026-04-20T21:52:19-04:00","Upload Playr project without oversized dataset files"
"games/two-player/uno-clone/index.html","d4d7ba7b5e5bd77473d7c0f1f7dea3a90aafbf49","2026-04-23T20:20:33-04:00","Add site policy and contact pages"
"images/background-removed-background-removed.png","caeabc35874fce43cacba1444985eaf803aec78c","2026-04-20T21:52:19-04:00","Upload Playr project without oversized dataset files"
"images/craiyon_213911_image.png","caeabc35874fce43cacba1444985eaf803aec78c","2026-04-20T21:52:19-04:00","Upload Playr project without oversized dataset files"
"index.html","a84ba94f317048507bb2e1cb192f49a7a36638b4","2026-04-23T23:01:27-04:00","Add site notifications center and update release logging rules"
"privacy.html","d4d7ba7b5e5bd77473d7c0f1f7dea3a90aafbf49","2026-04-23T20:20:33-04:00","Add site policy and contact pages"
"scripts/fetch-infinite-craft-recipes.mjs","ac4ef21d6bc4214311fc8b5c05b4bc33bfb1c3a9","2026-04-22T21:21:39-04:00","Use shared Infinite Craft recipe chunks"
"scripts/remove-completed-placeholder-blocks.ps1","caeabc35874fce43cacba1444985eaf803aec78c","2026-04-20T21:52:19-04:00","Upload Playr project without oversized dataset files"
"scripts/split-infinite-craft-recipes.mjs","ac4ef21d6bc4214311fc8b5c05b4bc33bfb1c3a9","2026-04-22T21:21:39-04:00","Use shared Infinite Craft recipe chunks"
"shared/ads.js","7a1e2028798af6c5edcf562af52b1c321ba42cad","2026-04-23T22:43:09-04:00","Add owner 2048 admin tools and fix double-move bug"
"shared/game-shell.js","caeabc35874fce43cacba1444985eaf803aec78c","2026-04-20T21:52:19-04:00","Upload Playr project without oversized dataset files"
"shared/site-footer.js","d4d7ba7b5e5bd77473d7c0f1f7dea3a90aafbf49","2026-04-23T20:20:33-04:00","Add site policy and contact pages"
"shared/site-notices.js","a84ba94f317048507bb2e1cb192f49a7a36638b4","2026-04-23T23:01:27-04:00","Add site notifications center and update release logging rules"
"shared/updates-page.js","a84ba94f317048507bb2e1cb192f49a7a36638b4","2026-04-23T23:01:27-04:00","Add site notifications center and update release logging rules"
"styles.css","a84ba94f317048507bb2e1cb192f49a7a36638b4","2026-04-23T23:01:27-04:00","Add site notifications center and update release logging rules"
"updates.html","a84ba94f317048507bb2e1cb192f49a7a36638b4","2026-04-23T23:01:27-04:00","Add site notifications center and update release logging rules"
"updates/README.md","a84ba94f317048507bb2e1cb192f49a7a36638b4","2026-04-23T23:01:27-04:00","Add site notifications center and update release logging rules"
"updates/logs.md","a84ba94f317048507bb2e1cb192f49a7a36638b4","2026-04-23T23:01:27-04:00","Add site notifications center and update release logging rules"
"valid-wordle-words.txt","4fa7e9b6289174c37648f68e6e0acec1d2064ed5","2026-04-23T16:34:03-04:00","Fix arcade UI issues and wire Pac-Man maze update"
